<?xml version="1.0" encoding="UTF-8" standalone="yes"?>
<addon id="repository.logan" name="Logan" version="2.5" provider-name="Xiver">
    <extension point="xbmc.addon.repository" name=" Logan REPOSITORY">
        <dir>
            <info compressed="false">https://raw.githubusercontent.com/sparkonet/logan/master/addons.xml</info>
            <checksum>https://raw.githubusercontent.com/sparkonet/logan/master/addons.xml.md5</checksum>
            <datadir zip="true">https://raw.githubusercontent.com/sparkonet/logan/master/</datadir>
        </dir>
    </extension>
    <extension point="xbmc.addon.metadata">
        <summary>Logan</summary>
        <description>Logan</description>
        <disclaimer></disclaimer>
        <platform>all</platform>
        <assets>
            <icon>icon.png</icon>
            <fanart>fanart.jpg</fanart>
        </assets>
    </extension>
</addon>